antecedente,consecuente,soporte_a,soporte_c,soporte_ab,confianza,lift,conteo
ASERRIN VERDE OSCURO 200gr,ASERRIN AMARILLO 200gr,0.019469773177142487,0.019469773177142487,0.012979848784761659,66.66666666666666,27.39,4
ASERRIN AMARILLO 200gr,ASERRIN ROJO 200gr,0.019469773177142487,0.019469773177142487,0.012979848784761659,66.66666666666666,27.39,4
ASERRIN VERDE OSCURO 200gr,ASERRIN ROJO 200gr,0.019469773177142487,0.019469773177142487,0.012979848784761659,66.66666666666666,27.39,4
ph. delsey 2 preg. 12x4,DOÑA BLANCA CIL. 250 G,0.019469773177142487,0.016224810980952072,0.009734886588571244,50.0,24.65,3
ARROZ TIO PELON ROJO 91% 9K,CAFE DORADO 2PACK,0.02920465976571373,0.02920465976571373,0.025959697569523318,88.88888888888889,24.35,8
ph. delsey 2 preg. 12x4,ATUN TESORA DEL MAR TICOPICA 140 GS,0.019469773177142487,0.03569458415809455,0.019469773177142487,100.0,22.41,6
TORTILLA STRIP,TORTILLA STRIPS CHEDAR CHIPOTLE,0.016224810980952072,0.0227147353733329,0.009734886588571244,60.0,21.13,3
TIRAS ACTIVAS MR MUSCULO LAVANDA,MULTIUSO SCOTT,0.016224810980952072,0.016224810980952072,0.006489924392380829,40.0,19.72,2
MILAN x 12 und,TAPITA GALLITO 102 GS 12unid,0.016224810980952072,0.025959697569523318,0.009734886588571244,60.0,18.49,3
DOÑA BLANCA CIL. 250 G,ATUN TESORA DEL MAR TICOPICA 140 GS,0.016224810980952072,0.03569458415809455,0.012979848784761659,80.0,17.93,4
ALIMENTO PARA CONEJO ENGORDE 1K,MARSHMALLOW STARS QUAKER 377G,0.025959697569523318,0.0227147353733329,0.012979848784761659,50.0,17.61,4
DETERGENTE IREX ACEITE LAVANDA 450gr,ARROZ TIO PELON ROJO 91% 9K,0.0454294707466658,0.02920465976571373,0.02920465976571373,64.28571428571429,17.61,9
GELATINA ROYAL UVA 40G,GELATINA ROYAL CEREZA 40G,0.0227147353733329,0.019469773177142487,0.009734886588571244,42.857142857142854,17.61,3
PAPAEL HIGIENICO SCOTT 1X12 DOBLE HOJA,MARSHMALLOW STARS QUAKER 377G,0.019469773177142487,0.0227147353733329,0.009734886588571244,50.0,17.61,3
GALLETA POZUELO CREMAS 12  U,CHIKY CHOC. 12,0.019469773177142487,0.016224810980952072,0.006489924392380829,33.33333333333333,16.44,2
SORBETO FESTIVAL VAINILLA,RINSO ROSAS Y LILAS 1500G,0.016224810980952072,0.019469773177142487,0.006489924392380829,40.0,16.44,2
ESTUCHE PVC WAFINO-LEXUS 100G 1X20,Mani Cascara 237g,0.016224810980952072,0.019469773177142487,0.006489924392380829,40.0,16.44,2
MILAN x 12 und,Bon o bon choco fresa 75g,0.016224810980952072,0.019469773177142487,0.006489924392380829,40.0,16.44,2
ATUN SPLASH BBB VEGETALES 140 GS,ATUN SPLASH TROZOS 140 GS BBB,0.016224810980952072,0.019469773177142487,0.006489924392380829,40.0,16.44,2
CANDELA PLATEADO #1,CANDELA PLATEADO #6,0.019469773177142487,0.016224810980952072,0.006489924392380829,33.33333333333333,16.44,2
3 Pack bacterion aloe,papel aluminio 30m,0.019469773177142487,0.016224810980952072,0.006489924392380829,33.33333333333333,16.44,2
MILAN x 12 und,CHCOCOLATE GALLITO SURTIDO EN CAJA 205 GS,0.016224810980952072,0.019469773177142487,0.006489924392380829,40.0,16.44,2
GELATINA ROYAL CEREZA 40G,CHIKY CHOC. 12,0.019469773177142487,0.016224810980952072,0.006489924392380829,33.33333333333333,16.44,2
JABON IREX CILINDRO 180GRS,DOÑA BLANCA CIL. 250 G,0.019469773177142487,0.016224810980952072,0.006489924392380829,33.33333333333333,16.44,2
spaghetti 3 pack roma Z,xedex det. maximo poder limon 800 gr.,0.016224810980952072,0.019469773177142487,0.006489924392380829,40.0,16.44,2
Salsa tomate Lizano,CLORO IREX BOLSA 450ML,0.016224810980952072,0.019469773177142487,0.006489924392380829,40.0,16.44,2
DETERGENTE IREX ACEITE LAVANDA 450gr,CAFE DORADO 2PACK,0.0454294707466658,0.02920465976571373,0.025959697569523318,57.14285714285714,15.65,8
COLOR VEG ROJO,COLOR VEG VERDE,0.025959697569523318,0.025959697569523318,0.012979848784761659,50.0,15.41,4
PAPAEL HIGIENICO SCOTT 1X12 DOBLE HOJA,ALIMENTO PARA CONEJO ENGORDE 1K,0.019469773177142487,0.025959697569523318,0.009734886588571244,50.0,15.41,3
ACEITE CLOVER SOYA 3 LTR,ARROZ TIO PELON 90% SELE 1.5kg,0.019469773177142487,0.025959697569523318,0.009734886588571244,50.0,15.41,3
bokita club integral bs 9,AXION BARRA LIMON 250G,0.032449621961904145,0.016224810980952072,0.009734886588571244,30.0,14.79,3
GELATINA ROYAL LIMON BOLS80GRS,GELATINA UVA 80 GS Z,0.032449621961904145,0.016224810980952072,0.009734886588571244,30.0,14.79,3
GALLETA DULCE NAVIDAD,GALLETA MINI MANTEQUILLA POZUELO,0.0227147353733329,0.016224810980952072,0.006489924392380829,28.57142857142857,14.09,2
MILAN x 12 und,GALLETA MILAN MENTA 134G,0.016224810980952072,0.0227147353733329,0.006489924392380829,40.0,14.09,2
BEBIDA PREPARADA KARMA PIñA COLADA 350 ML,BEBIDA PREPARADA KARMAMANGODAIQUIRI 350 ML,0.0227147353733329,0.016224810980952072,0.006489924392380829,28.57142857142857,14.09,2
CORTINA DE FIESTA 04095/51058-51,GLOBOS COLORES 10 U,0.0227147353733329,0.016224810980952072,0.006489924392380829,28.57142857142857,14.09,2
TORTILLA TETE FAJAS 500 GS,GALLETA YEMA POZUELO PTE/6,0.0227147353733329,0.016224810980952072,0.006489924392380829,28.57142857142857,14.09,2
MARSHMALLOW STARS QUAKER 377G,TIRAS ACTIVAS MR MUSCULO LAVANDA,0.0227147353733329,0.016224810980952072,0.006489924392380829,28.57142857142857,14.09,2
ZUKO TE FRIO FRAMBUESA 13gr,ZUKO LIMON 13gr,0.0227147353733329,0.016224810980952072,0.006489924392380829,28.57142857142857,14.09,2
CANELON PETALO ROMA,GALLETA YEMA POZUELO PTE/6,0.0227147353733329,0.016224810980952072,0.006489924392380829,28.57142857142857,14.09,2
ADAN Y EVA TONIC PEPINO,ADAN Y EVA ORANGE SPRITZ,0.0227147353733329,0.016224810980952072,0.006489924392380829,28.57142857142857,14.09,2
ADAN Y EVA TONIC PEPINO,ADAN Y EVA MOSCOW MULE 3550 ML,0.0227147353733329,0.016224810980952072,0.006489924392380829,28.57142857142857,14.09,2
BEBIDA PREPARADA KARMA GUARANA 350 ML,BEBIDA PREPARADA KARMAMANGODAIQUIRI 350 ML,0.0227147353733329,0.016224810980952072,0.006489924392380829,28.57142857142857,14.09,2
"avena corazon inst, linaza",ph. delsey 2 preg. 12x4,0.02920465976571373,0.019469773177142487,0.009734886588571244,33.33333333333333,13.7,3
CORAZON GALLITO 25und,Bon o bon choco fresa 75g,0.02920465976571373,0.019469773177142487,0.009734886588571244,33.33333333333333,13.7,3
PROTECTOR KOTEX  LARGOS 1X15,ARROZ TIO PELON ROJO 91% 9K,0.025959697569523318,0.02920465976571373,0.012979848784761659,50.0,13.7,4
ACEITE CLOVER SOYA 3 LTR,CONSOME DE POLLO MAGGUI 225G,0.019469773177142487,0.019469773177142487,0.006489924392380829,33.33333333333333,13.7,2
CONSOME DE POLLO MAGGUI 225G,RINSO ROSAS Y LILAS 1500G,0.019469773177142487,0.019469773177142487,0.006489924392380829,33.33333333333333,13.7,2
ACEITE CLOVER SOYA 3 LTR,RINSO ROSAS Y LILAS 1500G,0.019469773177142487,0.019469773177142487,0.006489924392380829,33.33333333333333,13.7,2
ANGELITO CHOCOLATE,ANGELITO FRESA,0.038939546354284975,0.02920465976571373,0.019469773177142487,50.0,13.7,6
AXION LIQUIDO 400 ML,Suavisante Terso,0.019469773177142487,0.019469773177142487,0.006489924392380829,33.33333333333333,13.7,2
ARROZ TIO PELON ROJO 91% 9K,LAVAPLATOS IREX  LIMON 250GRS,0.02920465976571373,0.032449621961904145,0.016224810980952072,55.55555555555556,13.7,5
ACEITE CAPULLO 900 ML OFERTA,ARROZ TIO PELON ROJO 91% 9K,0.025959697569523318,0.02920465976571373,0.012979848784761659,50.0,13.7,4
PAPAEL HIGIENICO SCOTT 1X12 DOBLE HOJA,"FULIDER CUADERNO COSIDO PEQ UNICOLOR 165X210,55G 50H 96/CJ",0.019469773177142487,0.019469773177142487,0.006489924392380829,33.33333333333333,13.7,2
ACEITE CLOVER SOYA 3 LTR,LIMP FABULOSO CITRICUS BO,0.019469773177142487,0.019469773177142487,0.006489924392380829,33.33333333333333,13.7,2
JABON IREX CILINDRO 180GRS,ph. delsey 2 preg. 12x4,0.019469773177142487,0.019469773177142487,0.006489924392380829,33.33333333333333,13.7,2
ACEITE CLOVER SOYA 3 LTR,TORTILLA 250 GS CLASICA GINA,0.019469773177142487,0.019469773177142487,0.006489924392380829,33.33333333333333,13.7,2
ACEITE CAPULLO 900 ML OFERTA,CAFE DORADO 2PACK,0.025959697569523318,0.02920465976571373,0.012979848784761659,50.0,13.7,4
CHCOCOLATE GALLITO SURTIDO EN CAJA 205 GS,CORAZON GALLITO 25und,0.019469773177142487,0.02920465976571373,0.009734886588571244,50.0,13.7,3
CHCOCOLATE GALLITO SURTIDO EN CAJA 205 GS,Bon o bon choco fresa 75g,0.019469773177142487,0.019469773177142487,0.006489924392380829,33.33333333333333,13.7,2
RINSO ROSAS Y LILAS 1500G,TORTILLA 250 GS CLASICA GINA,0.019469773177142487,0.019469773177142487,0.006489924392380829,33.33333333333333,13.7,2
DETERG. ORIX 900 GR,FRIJOL NEGOR LA TROJA 700 GS,0.032449621961904145,0.04218450855047539,0.0227147353733329,70.0,13.28,7
MARSHMALLOW STARS QUAKER 377G,SALSA SOFRITO ROMA,0.0227147353733329,0.025959697569523318,0.009734886588571244,42.857142857142854,13.21,3
ZUKO TE FRIO FRAMBUESA 13gr,PROTECTOR KOTEX  LARGOS 1X15,0.0227147353733329,0.025959697569523318,0.009734886588571244,42.857142857142854,13.21,3
PAPEL ALUMINIO ALUMINE 16 PIES,MARSHMALLOW STARS QUAKER 377G,0.03569458415809455,0.0227147353733329,0.012979848784761659,36.36363636363637,12.81,4
PROTECTOR KOTEX  LARGOS 1X15,ZUKO LIMON 13gr,0.025959697569523318,0.016224810980952072,0.006489924392380829,25.0,12.33,2
lavaplatos liquido axion 400,ARROZ TIO PELON 90% SELE 1.5kg,0.016224810980952072,0.025959697569523318,0.006489924392380829,40.0,12.33,2
PAPEL ALUM. EZWRP 25 PIESCUADR.,SOPA  MARUCHAN RES BOLSA 85GRS,0.025959697569523318,0.016224810980952072,0.006489924392380829,25.0,12.33,2
TAZA PERSONALIZADA SY4,COMBO AHORRO FR. ROJOL Z,0.016224810980952072,0.025959697569523318,0.006489924392380829,40.0,12.33,2
BOLSA PLASTICA CAMISETA G-M-P.,SOPA  MARUCHAN RES BOLSA 85GRS,0.025959697569523318,0.016224810980952072,0.006489924392380829,25.0,12.33,2
DETERG. ORIX 900 GR,ARROZ TIO PELON AZUL 80/20 3K Z,0.032449621961904145,0.019469773177142487,0.009734886588571244,30.0,12.33,3
ZUKO FRESA 13gr,ZUKO LIMON 13gr,0.025959697569523318,0.016224810980952072,0.006489924392380829,25.0,12.33,2
MIEL DE ABEJA 180GS MONDAIZA,CEREAL BARRA 6,0.025959697569523318,0.016224810980952072,0.006489924392380829,25.0,12.33,2
GELATINA DIET.X ARANDANOS 11GS,LECHE DESCREMADA 0% GRASA  LITRO z,0.016224810980952072,0.025959697569523318,0.006489924392380829,40.0,12.33,2
GALLETA MILAN MENTA 134G,Bon o bon choco fresa 75g,0.0227147353733329,0.019469773177142487,0.006489924392380829,28.57142857142857,11.74,2
panadol dia,panadol noche,0.04867443294285622,0.0227147353733329,0.016224810980952072,33.33333333333333,11.74,5
BARRA FRUTAL UVA 27GS,FRUTAL MANZANA ROJA,0.019469773177142487,0.0227147353733329,0.006489924392380829,33.33333333333333,11.74,2
GELATINA ROYAL LIMON 40G,gelatina narnja 80 grs Z,0.0227147353733329,0.019469773177142487,0.006489924392380829,28.57142857142857,11.74,2
sofrito roma 210 grs,CEREAL RODITAS MASMELO 150 GS JACKS,0.0227147353733329,0.019469773177142487,0.006489924392380829,28.57142857142857,11.74,2
CHCOCOLATE GALLITO SURTIDO EN CAJA 205 GS,GALLETA MILAN MENTA 134G,0.019469773177142487,0.0227147353733329,0.006489924392380829,33.33333333333333,11.74,2
ZUKO TE FRIO FRAMBUESA 13gr,ZUKO TE DURAZNO 13gr,0.0227147353733329,0.038939546354284975,0.012979848784761659,57.14285714285714,11.74,4
ZUKO TE FRIO LIMON 13gr,ARROZ TIO PELON ROJO 91% 9K,0.0681442061199987,0.02920465976571373,0.02920465976571373,42.857142857142854,11.74,9
ATUN CON VEGETALES MI SABOR,PAPEL HIGIENICO ENCANTO 1 x 4 CLASICO,0.019469773177142487,0.0227147353733329,0.006489924392380829,33.33333333333333,11.74,2
RINSO ROSAS Y LILAS 1000G,TORTILLA 250 GS CLASICA GINA,0.0227147353733329,0.019469773177142487,0.006489924392380829,28.57142857142857,11.74,2
CONFITE MENTA GALLITO,CNFITE MORENITO 52und,0.019469773177142487,0.0227147353733329,0.006489924392380829,33.33333333333333,11.74,2
ZUKO TE FRIO FRAMBUESA 13gr,ARROZ TIO PELON ROJO 91% 9K,0.0227147353733329,0.02920465976571373,0.009734886588571244,42.857142857142854,11.74,3
RINSO ROSAS Y LILAS 1500G,RINSO ROSAS Y LILAS 1000G,0.019469773177142487,0.0227147353733329,0.006489924392380829,33.33333333333333,11.74,2
MARSHMALLOW STARS QUAKER 377G,ATUN PRONTO TROCITOS 354 G,0.0227147353733329,0.019469773177142487,0.006489924392380829,28.57142857142857,11.74,2
MARSHMALLOW STARS QUAKER 377G,"FULIDER CUADERNO COSIDO PEQ UNICOLOR 165X210,55G 50H 96/CJ",0.0227147353733329,0.019469773177142487,0.006489924392380829,28.57142857142857,11.74,2
ACEITE CAPULLO 900 ML OFERTA,PASTA MAXFRESH 50 ML Z,0.025959697569523318,0.025959697569523318,0.009734886588571244,37.5,11.56,3
AJINOMOTO SUPER AMERICA 500 GS,ph. delsey 2 preg. 12x4,0.05840931953142746,0.019469773177142487,0.016224810980952072,27.77777777777778,11.41,5
FRIJOL TOCORORO NEGRO 800 GRS,AXION BARRA LIMON 250G,0.04218450855047539,0.016224810980952072,0.009734886588571244,23.076923076923077,11.38,3
AXION LIQUIDO 400 ML,GALLETA COCANAS PAQ8 UNIDADES,0.019469773177142487,0.03569458415809455,0.009734886588571244,50.0,11.21,3
MUSLITO DE POLLO LA GRANJA 4 UDS,CEREAL BARRA 6,0.02920465976571373,0.016224810980952072,0.006489924392380829,22.22222222222222,10.96,2
GALLETA DE AVENA 38 G. MANZANA CANELA,LECHE DESCREMA TB 250ML 0%,0.02920465976571373,0.016224810980952072,0.006489924392380829,22.22222222222222,10.96,2
MILAN x 12 und,CORAZON GALLITO 25und,0.016224810980952072,0.02920465976571373,0.006489924392380829,40.0,10.96,2
CAFE DORADO 2PACK,LAVAPLATOS IREX  LIMON 250GRS,0.02920465976571373,0.032449621961904145,0.012979848784761659,44.44444444444444,10.96,4
ARROZ TIO PELON ROJO 91% 9K,ZUKO LIMON 13gr,0.02920465976571373,0.016224810980952072,0.006489924392380829,22.22222222222222,10.96,2
papel higuienico Nevax 900 H.,CONSOME KNORR/P/ ARROZ  PT/4,0.02920465976571373,0.016224810980952072,0.006489924392380829,22.22222222222222,10.96,2
ACEITE CLOVER SOYA 3 LTR,ATUN VEGETALES SARDIMAR 105GR,0.019469773177142487,0.04867443294285622,0.012979848784761659,66.66666666666666,10.96,4
